ID;benchmarkPhase;streamNumber;queryNumber;epochStartTimestamp;epochEndTimestamp;humanReadableStartTime;humanReadableEndTime;durationInMilliseconds;durationInSeconds;humanReadableDuration;queryType;successful;
1;CLEAN_ALL;;;1492838349027;1492838363222;2017-04-22 13:19:09.027;2017-04-22 13:19:23.222;14195;14.195;0h:00m:14s:195ms;;true;
2;CLEAN_DATA;;;1492838363227;1492838366542;2017-04-22 13:19:23.227;2017-04-22 13:19:26.542;3315;3.315;0h:00m:03s:315ms;;true;
3;DATA_GENERATION;;;1492838366544;1492838456013;2017-04-22 13:19:26.544;2017-04-22 13:20:56.013;89469;89.469;0h:01m:29s:469ms;;true;
4;LOAD_TEST;;;1492838456016;1492838580470;2017-04-22 13:20:56.016;2017-04-22 13:23:00.470;124454;124.454;0h:02m:04s:454ms;;false;
