ID;benchmarkPhase;streamNumber;queryNumber;epochStartTimestamp;epochEndTimestamp;humanReadableStartTime;humanReadableEndTime;durationInMilliseconds;durationInSeconds;humanReadableDuration;queryType;successful;
1;LOAD_TEST;;;1492909071464;1492909245814;2017-04-23 08:57:51.464;2017-04-23 09:00:45.814;174350;174.350;0h:02m:54s:350ms;;true;
2;POWER_TEST;;;1492909245819;1492909449668;2017-04-23 09:00:45.819;2017-04-23 09:04:09.668;203849;203.849;0h:03m:23s:849ms;;false;
3;POWER_TEST;0;;1492909245823;1492909449667;2017-04-23 09:00:45.823;2017-04-23 09:04:09.667;203844;203.844;0h:03m:23s:844ms;;false;
4;POWER_TEST;0;24;1492909245825;1492909324812;2017-04-23 09:00:45.825;2017-04-23 09:02:04.812;78987;78.987;0h:01m:18s:987ms;structured;true;
5;POWER_TEST;0;27;1492909324816;1492909393370;2017-04-23 09:02:04.816;2017-04-23 09:03:13.370;68554;68.554;0h:01m:08s:554ms;unstructured;true;
6;POWER_TEST;0;28;1492909393372;1492909449667;2017-04-23 09:03:13.372;2017-04-23 09:04:09.667;56295;56.295;0h:00m:56s:295ms;unstructured;false;
