ID;benchmarkPhase;streamNumber;queryNumber;epochStartTimestamp;epochEndTimestamp;humanReadableStartTime;humanReadableEndTime;durationInMilliseconds;durationInSeconds;humanReadableDuration;queryType;successful;
1;LOAD_TEST;;;1492914129239;1492914302623;2017-04-23 10:22:09.239;2017-04-23 10:25:02.623;173384;173.384;0h:02m:53s:384ms;;true;
2;POWER_TEST;;;1492914302630;1492914376044;2017-04-23 10:25:02.630;2017-04-23 10:26:16.044;73414;73.414;0h:01m:13s:414ms;;false;
3;POWER_TEST;0;;1492914302634;1492914376043;2017-04-23 10:25:02.634;2017-04-23 10:26:16.043;73409;73.409;0h:01m:13s:409ms;;false;
4;POWER_TEST;0;26;1492914302635;1492914376042;2017-04-23 10:25:02.635;2017-04-23 10:26:16.042;73407;73.407;0h:01m:13s:407ms;structured;false;
