STARTDATE_EPOCH|STOPDATE_EPOCH|DURATION_MS|STARTDATE|STOPDATE|DURATION|QUERY|SCALE_FACTOR|BENCHMARK_PHASE|STREAM|SUCCESSFUL|EXIT_CODE|HAS_RESULT|HDFS_SIZE
1492837224|1492837261|37000|2017/04/22:13:00:24|2017/04/22:13:01:01|0h 0m 37s|dataGen_base|1|run_query|0|SUCCESS|0||
1492837261|1492837296|35000|2017/04/22:13:01:01|2017/04/22:13:01:36|0h 0m 35s|dataGen_refresh|run_query|0|SUCCESS|0
1492837299|1492837464|165000|2017/04/22:13:01:39|2017/04/22:13:04:24|0h 2m 45s|Load data|1|Load data|0|SUCCESS|0||
1492837478|1492837535|57000|2017/04/22:13:04:38|2017/04/22:13:05:35|0h 0m 57s|q01|1|power_test|0|SUCCESS|0|HAS_RESULT|45
1492838376|1492838415|39000|2017/04/22:13:19:36|2017/04/22:13:20:15|0h 0m 39s|dataGen_base|1|run_query|0|SUCCESS|0||
1492838415|1492838452|37000|2017/04/22:13:20:15|2017/04/22:13:20:52|0h 0m 37s|dataGen_refresh|run_query|0|SUCCESS|0
1492838456|1492838580|124000|2017/04/22:13:20:56|2017/04/22:13:23:00|0h 2m 4s|Load data|1|Load data|0|FAILED|3||
1492839291|1492839331|40000|2017/04/22:13:34:51|2017/04/22:13:35:31|0h 0m 40s|dataGen_base|1|run_query|0|SUCCESS|0||
1492839331|1492839373|42000|2017/04/22:13:35:31|2017/04/22:13:36:13|0h 0m 42s|dataGen_refresh|run_query|0|SUCCESS|0
1492839377|1492839541|164000|2017/04/22:13:36:17|2017/04/22:13:39:01|0h 2m 44s|Load data|1|Load data|0|SUCCESS|0||
1492839554|1492839608|54000|2017/04/22:13:39:14|2017/04/22:13:40:08|0h 0m 54s|q01|1|power_test|0|SUCCESS|0|HAS_RESULT|45
1492839687|1492840332|645000|2017/04/22:13:41:27|2017/04/22:13:52:12|0h 10m 45s|dataGen_base|100|run_query|0|SUCCESS|0||
1492840333|1492840385|52000|2017/04/22:13:52:13|2017/04/22:13:53:05|0h 0m 52s|dataGen_refresh|run_query|0|SUCCESS|0
1492840388|1492841166|778000|2017/04/22:13:53:08|2017/04/22:14:06:05|0h 12m 58s|Load data|100|Load data|0|SUCCESS|0||
1492841180|1492841262|82000|2017/04/22:14:06:20|2017/04/22:14:07:42|0h 1m 22s|q01|100|power_test|0|SUCCESS|0|HAS_RESULT|1636
1492850676|1492851244|568000|2017/04/22:16:44:36|2017/04/22:16:54:04|0h 9m 28s|dataGen_base|100|run_query|0|SUCCESS|0||
1492851244|1492851297|53000|2017/04/22:16:54:04|2017/04/22:16:54:57|0h 0m 53s|dataGen_refresh|run_query|0|SUCCESS|0
1492851301|1492852072|771000|2017/04/22:16:55:01|2017/04/22:17:07:52|0h 12m 51s|Load data|100|Load data|0|SUCCESS|0||
1492852086|1492852166|80000|2017/04/22:17:08:06|2017/04/22:17:09:26|0h 1m 20s|q01|100|power_test|0|SUCCESS|0|HAS_RESULT|1636
1492852181|1492852479|298000|2017/04/22:17:09:41|2017/04/22:17:14:39|0h 4m 58s|q02|100|power_test|0|SUCCESS|0|HAS_RESULT|525
1492852498|1492852719|221000|2017/04/22:17:14:58|2017/04/22:17:18:39|0h 3m 41s|q03|100|power_test|0|SUCCESS|0|HAS_RESULT|1697
1492852734|1492852742|8000|2017/04/22:17:18:54|2017/04/22:17:19:02|0h 0m 8s|q04|100|power_test|0|FAILED|64|EMPTY|0
1492855856|1492855902|46000|2017/04/22:18:10:56|2017/04/22:18:11:42|0h 0m 46s|dataGen_base|1|run_query|0|SUCCESS|0||
1492855902|1492855937|35000|2017/04/22:18:11:42|2017/04/22:18:12:17|0h 0m 35s|dataGen_refresh|run_query|0|SUCCESS|0
1492855941|1492856112|171000|2017/04/22:18:12:21|2017/04/22:18:15:12|0h 2m 51s|Load data|1|Load data|0|SUCCESS|0||
1492856125|1492856177|52000|2017/04/22:18:15:25|2017/04/22:18:16:17|0h 0m 52s|q01|1|power_test|0|SUCCESS|0|HAS_RESULT|45
1492856192|1492856261|69000|2017/04/22:18:16:32|2017/04/22:18:17:41|0h 1m 9s|q02|1|power_test|0|SUCCESS|0|HAS_RESULT|464
1492856276|1492856349|73000|2017/04/22:18:17:56|2017/04/22:18:19:09|0h 1m 13s|q03|1|power_test|0|SUCCESS|0|HAS_RESULT|1427
1492856364|1492856440|76000|2017/04/22:18:19:24|2017/04/22:18:20:40|0h 1m 16s|q05|1|power_test|0|FAILED|1|EMPTY|
1492857886|1492857927|41000|2017/04/22:18:44:46|2017/04/22:18:45:27|0h 0m 41s|dataGen_base|1|run_query|0|SUCCESS|0||
1492857927|1492857965|38000|2017/04/22:18:45:27|2017/04/22:18:46:05|0h 0m 38s|dataGen_refresh|run_query|0|SUCCESS|0
1492857968|1492858133|165000|2017/04/22:18:46:08|2017/04/22:18:48:53|0h 2m 45s|Load data|1|Load data|0|SUCCESS|0||
1492858146|1492858198|52000|2017/04/22:18:49:06|2017/04/22:18:49:58|0h 0m 52s|q01|1|power_test|0|SUCCESS|0|HAS_RESULT|45
1492858213|1492858279|66000|2017/04/22:18:50:13|2017/04/22:18:51:19|0h 1m 6s|q02|1|power_test|0|SUCCESS|0|HAS_RESULT|464
1492858294|1492858355|61000|2017/04/22:18:51:34|2017/04/22:18:52:35|0h 1m 1s|q03|1|power_test|0|SUCCESS|0|HAS_RESULT|1427
1492858370|1492858429|59000|2017/04/22:18:52:50|2017/04/22:18:53:49|0h 0m 59s|q06|1|power_test|0|SUCCESS|0|HAS_RESULT|6973
1492858444|1492858504|60000|2017/04/22:18:54:04|2017/04/22:18:55:04|0h 1m 0s|q07|1|power_test|0|SUCCESS|0|HAS_RESULT|70
1492858519|1492858600|81000|2017/04/22:18:55:19|2017/04/22:18:56:40|0h 1m 21s|q08|1|power_test|0|SUCCESS|0|HAS_RESULT|20
1492858614|1492858661|47000|2017/04/22:18:56:54|2017/04/22:18:57:41|0h 0m 47s|q09|1|power_test|0|SUCCESS|0|HAS_RESULT|5
1492858676|1492858793|117000|2017/04/22:18:57:56|2017/04/22:18:59:53|0h 1m 57s|q10|1|power_test|0|SUCCESS|0|HAS_RESULT|50344544
1492858808|1492858860|52000|2017/04/22:19:00:08|2017/04/22:19:01:00|0h 0m 52s|q11|1|power_test|0|SUCCESS|0|HAS_RESULT|10
1492858875|1492858933|58000|2017/04/22:19:01:15|2017/04/22:19:02:13|0h 0m 58s|q12|1|power_test|0|SUCCESS|0|HAS_RESULT|2361
1492858948|1492859005|57000|2017/04/22:19:02:28|2017/04/22:19:03:25|0h 0m 57s|q13|1|power_test|0|SUCCESS|0|HAS_RESULT|3035
1492859020|1492859029|9000|2017/04/22:19:03:40|2017/04/22:19:03:49|0h 0m 9s|q14|1|power_test|0|FAILED|64|EMPTY|0
1492869453|1492869466|13000|2017/04/22:21:57:33|2017/04/22:21:57:46|0h 0m 13s|Load data|1|Load data|0|FAILED|64||
1492869653|1492869829|176000|2017/04/22:22:00:53|2017/04/22:22:03:49|0h 2m 56s|Load data|1|Load data|0|SUCCESS|0||
1492869843|1492869896|53000|2017/04/22:22:04:03|2017/04/22:22:04:56|0h 0m 53s|q01|1|power_test|0|SUCCESS|0|HAS_RESULT|45
1492869911|1492869974|63000|2017/04/22:22:05:11|2017/04/22:22:06:14|0h 1m 3s|q02|1|power_test|0|SUCCESS|0|HAS_RESULT|464
1492869988|1492870048|60000|2017/04/22:22:06:28|2017/04/22:22:07:28|0h 1m 0s|q03|1|power_test|0|SUCCESS|0|HAS_RESULT|1427
1492870063|1492870126|63000|2017/04/22:22:07:43|2017/04/22:22:08:46|0h 1m 3s|q06|1|power_test|0|SUCCESS|0|HAS_RESULT|6973
1492870141|1492870200|59000|2017/04/22:22:09:01|2017/04/22:22:10:00|0h 0m 59s|q07|1|power_test|0|SUCCESS|0|HAS_RESULT|70
1492870215|1492870293|78000|2017/04/22:22:10:15|2017/04/22:22:11:33|0h 1m 18s|q08|1|power_test|0|SUCCESS|0|HAS_RESULT|20
1492870308|1492870355|47000|2017/04/22:22:11:48|2017/04/22:22:12:35|0h 0m 47s|q09|1|power_test|0|SUCCESS|0|HAS_RESULT|5
1492870370|1492870523|153000|2017/04/22:22:12:50|2017/04/22:22:15:23|0h 2m 33s|q10|1|power_test|0|SUCCESS|0|HAS_RESULT|50344544
1492870538|1492870591|53000|2017/04/22:22:15:38|2017/04/22:22:16:31|0h 0m 53s|q11|1|power_test|0|SUCCESS|0|HAS_RESULT|10
1492870606|1492870664|58000|2017/04/22:22:16:46|2017/04/22:22:17:44|0h 0m 58s|q12|1|power_test|0|SUCCESS|0|HAS_RESULT|2361
1492870679|1492870738|59000|2017/04/22:22:17:59|2017/04/22:22:18:58|0h 0m 59s|q13|1|power_test|0|SUCCESS|0|HAS_RESULT|3035
1492870753|1492870808|55000|2017/04/22:22:19:13|2017/04/22:22:20:08|0h 0m 55s|q14|1|power_test|0|SUCCESS|0|HAS_RESULT|7
1492870823|1492870868|45000|2017/04/22:22:20:23|2017/04/22:22:21:08|0h 0m 45s|q15|1|power_test|0|SUCCESS|0|HAS_RESULT|28
1492870883|1492870935|52000|2017/04/22:22:21:23|2017/04/22:22:22:15|0h 0m 52s|q16|1|power_test|0|SUCCESS|0|HAS_RESULT|3124
1492870949|1492870959|10000|2017/04/22:22:22:29|2017/04/22:22:22:39|0h 0m 10s|q17|1|power_test|0|FAILED|64|EMPTY|0
1492904098|1492904268|170000|2017/04/23:07:34:58|2017/04/23:07:37:48|0h 2m 50s|Load data|1|Load data|0|SUCCESS|0||
1492904282|1492904336|54000|2017/04/23:07:38:02|2017/04/23:07:38:56|0h 0m 54s|q01|1|power_test|0|SUCCESS|0|HAS_RESULT|45
1492904351|1492904426|75000|2017/04/23:07:39:11|2017/04/23:07:40:26|0h 1m 15s|q02|1|power_test|0|SUCCESS|0|HAS_RESULT|464
1492904441|1492904505|64000|2017/04/23:07:40:41|2017/04/23:07:41:45|0h 1m 4s|q03|1|power_test|0|SUCCESS|0|HAS_RESULT|1427
1492904520|1492904583|63000|2017/04/23:07:42:00|2017/04/23:07:43:03|0h 1m 3s|q06|1|power_test|0|SUCCESS|0|HAS_RESULT|6973
1492904598|1492904659|61000|2017/04/23:07:43:18|2017/04/23:07:44:19|0h 1m 1s|q07|1|power_test|0|SUCCESS|0|HAS_RESULT|70
1492904674|1492904753|79000|2017/04/23:07:44:34|2017/04/23:07:45:53|0h 1m 19s|q08|1|power_test|0|SUCCESS|0|HAS_RESULT|20
1492904768|1492904814|46000|2017/04/23:07:46:08|2017/04/23:07:46:54|0h 0m 46s|q09|1|power_test|0|SUCCESS|0|HAS_RESULT|5
1492904829|1492904987|158000|2017/04/23:07:47:09|2017/04/23:07:49:47|0h 2m 38s|q10|1|power_test|0|SUCCESS|0|HAS_RESULT|50344544
1492905002|1492905053|51000|2017/04/23:07:50:02|2017/04/23:07:50:53|0h 0m 51s|q11|1|power_test|0|SUCCESS|0|HAS_RESULT|10
1492905068|1492905130|62000|2017/04/23:07:51:08|2017/04/23:07:52:10|0h 1m 2s|q12|1|power_test|0|SUCCESS|0|HAS_RESULT|2361
1492905144|1492905202|58000|2017/04/23:07:52:24|2017/04/23:07:53:22|0h 0m 58s|q13|1|power_test|0|SUCCESS|0|HAS_RESULT|3035
1492905217|1492905227|10000|2017/04/23:07:53:37|2017/04/23:07:53:47|0h 0m 10s|q14|1|power_test|0|FAILED|64|EMPTY|0
1492905709|1492905880|171000|2017/04/23:08:01:49|2017/04/23:08:04:40|0h 2m 51s|Load data|1|Load data|0|SUCCESS|0||
1492905893|1492905949|56000|2017/04/23:08:04:53|2017/04/23:08:05:49|0h 0m 56s|q01|1|power_test|0|SUCCESS|0|HAS_RESULT|45
1492905964|1492906036|72000|2017/04/23:08:06:04|2017/04/23:08:07:16|0h 1m 12s|q02|1|power_test|0|SUCCESS|0|HAS_RESULT|464
1492906050|1492906111|61000|2017/04/23:08:07:30|2017/04/23:08:08:31|0h 1m 1s|q03|1|power_test|0|SUCCESS|0|HAS_RESULT|1427
1492906126|1492906192|66000|2017/04/23:08:08:46|2017/04/23:08:09:52|0h 1m 6s|q06|1|power_test|0|SUCCESS|0|HAS_RESULT|6973
1492906207|1492906268|61000|2017/04/23:08:10:07|2017/04/23:08:11:08|0h 1m 1s|q07|1|power_test|0|SUCCESS|0|HAS_RESULT|70
1492906283|1492906363|80000|2017/04/23:08:11:23|2017/04/23:08:12:43|0h 1m 20s|q08|1|power_test|0|SUCCESS|0|HAS_RESULT|20
1492906378|1492906424|46000|2017/04/23:08:12:58|2017/04/23:08:13:44|0h 0m 46s|q09|1|power_test|0|SUCCESS|0|HAS_RESULT|5
1492906439|1492906596|157000|2017/04/23:08:13:59|2017/04/23:08:16:36|0h 2m 37s|q10|1|power_test|0|SUCCESS|0|HAS_RESULT|50344544
1492906611|1492906664|53000|2017/04/23:08:16:51|2017/04/23:08:17:44|0h 0m 53s|q11|1|power_test|0|SUCCESS|0|HAS_RESULT|10
1492906679|1492906738|59000|2017/04/23:08:17:59|2017/04/23:08:18:58|0h 0m 59s|q12|1|power_test|0|SUCCESS|0|HAS_RESULT|2361
1492906753|1492906817|64000|2017/04/23:08:19:13|2017/04/23:08:20:17|0h 1m 4s|q13|1|power_test|0|SUCCESS|0|HAS_RESULT|3035
1492906832|1492906884|52000|2017/04/23:08:20:32|2017/04/23:08:21:24|0h 0m 52s|q14|1|power_test|0|SUCCESS|0|HAS_RESULT|7
1492906899|1492906948|49000|2017/04/23:08:21:39|2017/04/23:08:22:28|0h 0m 49s|q15|1|power_test|0|SUCCESS|0|HAS_RESULT|28
1492906962|1492907015|53000|2017/04/23:08:22:42|2017/04/23:08:23:35|0h 0m 53s|q16|1|power_test|0|SUCCESS|0|HAS_RESULT|3124
1492907030|1492907086|56000|2017/04/23:08:23:50|2017/04/23:08:24:46|0h 0m 56s|q17|1|power_test|0|SUCCESS|0|HAS_RESULT|28
1492907101|1492907108|7000|2017/04/23:08:25:01|2017/04/23:08:25:08|0h 0m 7s|q18|1|power_test|0|FAILED|64|EMPTY|0
1492907961|1492908129|168000|2017/04/23:08:39:21|2017/04/23:08:42:09|0h 2m 48s|Load data|1|Load data|0|SUCCESS|0||
1492908143|1492908210|67000|2017/04/23:08:42:23|2017/04/23:08:43:30|0h 1m 7s|q19|1|power_test|0|SUCCESS|0|HAS_RESULT|108695
1492908225|1492908287|62000|2017/04/23:08:43:45|2017/04/23:08:44:47|0h 1m 2s|q21|1|power_test|0|SUCCESS|0|HAS_RESULT|2896
1492908302|1492908361|59000|2017/04/23:08:45:02|2017/04/23:08:46:01|0h 0m 59s|q22|1|power_test|0|SUCCESS|0|HAS_RESULT|4612
1492908376|1492908383|7000|2017/04/23:08:46:16|2017/04/23:08:46:23|0h 0m 7s|q23|1|power_test|0|FAILED|64|EMPTY|0
1492909071|1492909245|174000|2017/04/23:08:57:51|2017/04/23:09:00:45|0h 2m 54s|Load data|1|Load data|0|SUCCESS|0||
1492909259|1492909323|64000|2017/04/23:09:00:59|2017/04/23:09:02:03|0h 1m 4s|q24|1|power_test|0|SUCCESS|0|HAS_RESULT|17
1492909337|1492909391|54000|2017/04/23:09:02:17|2017/04/23:09:03:11|0h 0m 54s|q27|1|power_test|0|SUCCESS|0|HAS_RESULT|75324
1492909406|1492909447|41000|2017/04/23:09:03:26|2017/04/23:09:04:07|0h 0m 41s|q28|1|power_test|0|FAILED|1|EMPTY|
1492909601|1492909773|172000|2017/04/23:09:06:41|2017/04/23:09:09:33|0h 2m 52s|Load data|1|Load data|0|SUCCESS|0||
1492909794|1492909966|172000|2017/04/23:09:09:54|2017/04/23:09:12:46|0h 2m 52s|Load data|1|Load data|0|SUCCESS|0||
1492909979|1492910035|56000|2017/04/23:09:12:59|2017/04/23:09:13:55|0h 0m 56s|q29|1|power_test|0|SUCCESS|0|HAS_RESULT|341
1492910050|1492910114|64000|2017/04/23:09:14:10|2017/04/23:09:15:14|0h 1m 4s|q30|1|power_test|0|SUCCESS|0|HAS_RESULT|353
1492910220|1492910392|172000|2017/04/23:09:17:00|2017/04/23:09:19:52|0h 2m 52s|Load data|1|Load data|0|SUCCESS|0||
1492910406|1492910459|53000|2017/04/23:09:20:06|2017/04/23:09:20:59|0h 0m 53s|q01|1|power_test|0|SUCCESS|0|HAS_RESULT|45
1492910474|1492910540|66000|2017/04/23:09:21:14|2017/04/23:09:22:20|0h 1m 6s|q02|1|power_test|0|SUCCESS|0|HAS_RESULT|464
1492910555|1492910613|58000|2017/04/23:09:22:35|2017/04/23:09:23:33|0h 0m 58s|q03|1|power_test|0|SUCCESS|0|HAS_RESULT|1427
1492910628|1492910691|63000|2017/04/23:09:23:48|2017/04/23:09:24:51|0h 1m 3s|q06|1|power_test|0|SUCCESS|0|HAS_RESULT|6973
1492910706|1492910763|57000|2017/04/23:09:25:06|2017/04/23:09:26:03|0h 0m 57s|q07|1|power_test|0|SUCCESS|0|HAS_RESULT|70
1492910778|1492910853|75000|2017/04/23:09:26:18|2017/04/23:09:27:33|0h 1m 15s|q08|1|power_test|0|SUCCESS|0|HAS_RESULT|20
1492910868|1492910916|48000|2017/04/23:09:27:48|2017/04/23:09:28:36|0h 0m 48s|q09|1|power_test|0|SUCCESS|0|HAS_RESULT|5
1492910931|1492911051|120000|2017/04/23:09:28:51|2017/04/23:09:30:51|0h 2m 0s|q10|1|power_test|0|SUCCESS|0|HAS_RESULT|50344544
1492911066|1492911119|53000|2017/04/23:09:31:06|2017/04/23:09:31:59|0h 0m 53s|q11|1|power_test|0|SUCCESS|0|HAS_RESULT|10
1492911134|1492911191|57000|2017/04/23:09:32:14|2017/04/23:09:33:11|0h 0m 57s|q12|1|power_test|0|SUCCESS|0|HAS_RESULT|2361
1492911206|1492911263|57000|2017/04/23:09:33:26|2017/04/23:09:34:23|0h 0m 57s|q13|1|power_test|0|SUCCESS|0|HAS_RESULT|3035
1492911277|1492911329|52000|2017/04/23:09:34:37|2017/04/23:09:35:29|0h 0m 52s|q14|1|power_test|0|SUCCESS|0|HAS_RESULT|7
1492911344|1492911389|45000|2017/04/23:09:35:44|2017/04/23:09:36:29|0h 0m 45s|q15|1|power_test|0|SUCCESS|0|HAS_RESULT|28
1492911404|1492911454|50000|2017/04/23:09:36:44|2017/04/23:09:37:34|0h 0m 50s|q16|1|power_test|0|SUCCESS|0|HAS_RESULT|3124
1492911468|1492911521|53000|2017/04/23:09:37:48|2017/04/23:09:38:41|0h 0m 53s|q17|1|power_test|0|SUCCESS|0|HAS_RESULT|28
1492911536|1492911599|63000|2017/04/23:09:38:56|2017/04/23:09:39:59|0h 1m 3s|q19|1|power_test|0|SUCCESS|0|HAS_RESULT|108695
1492911614|1492911681|67000|2017/04/23:09:40:14|2017/04/23:09:41:21|0h 1m 7s|q20|1|power_test|0|FAILED|1|EMPTY|
1492911806|1492911970|164000|2017/04/23:09:43:26|2017/04/23:09:46:10|0h 2m 44s|Load data|1|Load data|0|SUCCESS|0||
1492911984|1492912036|52000|2017/04/23:09:46:24|2017/04/23:09:47:16|0h 0m 52s|q01|1|power_test|0|SUCCESS|0|HAS_RESULT|45
1492912051|1492912120|69000|2017/04/23:09:47:31|2017/04/23:09:48:40|0h 1m 9s|q02|1|power_test|0|SUCCESS|0|HAS_RESULT|464
1492912135|1492912197|62000|2017/04/23:09:48:55|2017/04/23:09:49:57|0h 1m 2s|q03|1|power_test|0|SUCCESS|0|HAS_RESULT|1427
1492912212|1492912276|64000|2017/04/23:09:50:12|2017/04/23:09:51:16|0h 1m 4s|q06|1|power_test|0|SUCCESS|0|HAS_RESULT|6973
1492912291|1492912350|59000|2017/04/23:09:51:31|2017/04/23:09:52:30|0h 0m 59s|q07|1|power_test|0|SUCCESS|0|HAS_RESULT|70
1492912365|1492912442|77000|2017/04/23:09:52:45|2017/04/23:09:54:02|0h 1m 17s|q08|1|power_test|0|SUCCESS|0|HAS_RESULT|20
1492912457|1492912510|53000|2017/04/23:09:54:17|2017/04/23:09:55:10|0h 0m 53s|q09|1|power_test|0|SUCCESS|0|HAS_RESULT|5
1492912525|1492912680|155000|2017/04/23:09:55:25|2017/04/23:09:58:00|0h 2m 35s|q10|1|power_test|0|SUCCESS|0|HAS_RESULT|50344544
1492912694|1492912745|51000|2017/04/23:09:58:14|2017/04/23:09:59:05|0h 0m 51s|q11|1|power_test|0|SUCCESS|0|HAS_RESULT|10
1492912760|1492912818|58000|2017/04/23:09:59:20|2017/04/23:10:00:18|0h 0m 58s|q12|1|power_test|0|SUCCESS|0|HAS_RESULT|2361
1492912833|1492912890|57000|2017/04/23:10:00:33|2017/04/23:10:01:30|0h 0m 57s|q13|1|power_test|0|SUCCESS|0|HAS_RESULT|3035
1492912905|1492912960|55000|2017/04/23:10:01:45|2017/04/23:10:02:40|0h 0m 55s|q14|1|power_test|0|SUCCESS|0|HAS_RESULT|7
1492912975|1492913025|50000|2017/04/23:10:02:55|2017/04/23:10:03:45|0h 0m 50s|q15|1|power_test|0|SUCCESS|0|HAS_RESULT|28
1492913039|1492913089|50000|2017/04/23:10:03:59|2017/04/23:10:04:49|0h 0m 50s|q16|1|power_test|0|SUCCESS|0|HAS_RESULT|3124
1492913103|1492913156|53000|2017/04/23:10:05:03|2017/04/23:10:05:56|0h 0m 53s|q17|1|power_test|0|SUCCESS|0|HAS_RESULT|28
1492913170|1492913235|65000|2017/04/23:10:06:10|2017/04/23:10:07:15|0h 1m 5s|q19|1|power_test|0|SUCCESS|0|HAS_RESULT|108695
1492913250|1492913315|65000|2017/04/23:10:07:30|2017/04/23:10:08:35|0h 1m 5s|q21|1|power_test|0|SUCCESS|0|HAS_RESULT|2896
1492913330|1492913389|59000|2017/04/23:10:08:50|2017/04/23:10:09:49|0h 0m 59s|q22|1|power_test|0|SUCCESS|0|HAS_RESULT|4612
1492913403|1492913468|65000|2017/04/23:10:10:03|2017/04/23:10:11:08|0h 1m 5s|q24|1|power_test|0|SUCCESS|0|HAS_RESULT|17
1492913483|1492913571|88000|2017/04/23:10:11:23|2017/04/23:10:12:51|0h 1m 28s|q25|1|power_test|0|FAILED|1|EMPTY|
1492913737|1492913742|5000|2017/04/23:10:15:37|2017/04/23:10:15:42|0h 0m 5s|Load data|1|Load data|0|FAILED|141||
1492913766|1492913932|166000|2017/04/23:10:16:06|2017/04/23:10:18:52|0h 2m 46s|Load data|1|Load data|0|SUCCESS|0||
1492913946|1492914017|71000|2017/04/23:10:19:06|2017/04/23:10:20:17|0h 1m 11s|q24|1|power_test|0|SUCCESS|0|HAS_RESULT|17
1492914031|1492914111|80000|2017/04/23:10:20:31|2017/04/23:10:21:51|0h 1m 20s|q25|1|power_test|0|FAILED|1|EMPTY|
1492914129|1492914302|173000|2017/04/23:10:22:09|2017/04/23:10:25:02|0h 2m 53s|Load data|1|Load data|0|SUCCESS|0||
1492914315|1492914374|59000|2017/04/23:10:25:15|2017/04/23:10:26:14|0h 0m 59s|q26|1|power_test|0|FAILED|1|EMPTY|
1492914971|1492915147|176000|2017/04/23:10:36:11|2017/04/23:10:39:07|0h 2m 56s|Load data|1|Load data|0|SUCCESS|0||
1492915160|1492915220|60000|2017/04/23:10:39:20|2017/04/23:10:40:20|0h 1m 0s|q26|1|power_test|0|FAILED|1|EMPTY|
1492915466|1492916087|621000|2017/04/23:10:44:26|2017/04/23:10:54:47|0h 10m 21s|dataGen_base|100|run_query|0|SUCCESS|0||
1492916087|1492916139|52000|2017/04/23:10:54:47|2017/04/23:10:55:39|0h 0m 52s|dataGen_refresh|run_query|0|SUCCESS|0
1492916142|1492916899|757000|2017/04/23:10:55:42|2017/04/23:11:08:19|0h 12m 37s|Load data|100|Load data|0|SUCCESS|0||
1492916914|1492916991|77000|2017/04/23:11:08:34|2017/04/23:11:09:51|0h 1m 17s|q01|100|power_test|0|SUCCESS|0|HAS_RESULT|1636
1492917006|1492917298|292000|2017/04/23:11:10:06|2017/04/23:11:14:58|0h 4m 52s|q02|100|power_test|0|SUCCESS|0|HAS_RESULT|525
1492917317|1492917547|230000|2017/04/23:11:15:17|2017/04/23:11:19:07|0h 3m 50s|q03|100|power_test|0|SUCCESS|0|HAS_RESULT|1697
1492917562|1492917713|151000|2017/04/23:11:19:22|2017/04/23:11:21:53|0h 2m 31s|q06|100|power_test|0|SUCCESS|0|HAS_RESULT|7242
1492917729|1492917819|90000|2017/04/23:11:22:09|2017/04/23:11:23:39|0h 1m 30s|q07|100|power_test|0|SUCCESS|0|HAS_RESULT|90
1492917835|1492918021|186000|2017/04/23:11:23:55|2017/04/23:11:27:01|0h 3m 6s|q08|100|power_test|0|SUCCESS|0|HAS_RESULT|24
1492918036|1492918101|65000|2017/04/23:11:27:16|2017/04/23:11:28:21|0h 1m 5s|q09|100|power_test|0|SUCCESS|0|HAS_RESULT|7
1492918117|1492918689|572000|2017/04/23:11:28:37|2017/04/23:11:38:09|0h 9m 32s|q10|100|power_test|0|SUCCESS|0|HAS_RESULT|593398701
1492918705|1492918768|63000|2017/04/23:11:38:25|2017/04/23:11:39:28|0h 1m 3s|q11|100|power_test|0|SUCCESS|0|HAS_RESULT|10
1492918784|1492918874|90000|2017/04/23:11:39:44|2017/04/23:11:41:14|0h 1m 30s|q12|100|power_test|0|SUCCESS|0|HAS_RESULT|768815
1492918889|1492918964|75000|2017/04/23:11:41:29|2017/04/23:11:42:44|0h 1m 15s|q13|100|power_test|0|SUCCESS|0|HAS_RESULT|3420
1492918979|1492919040|61000|2017/04/23:11:42:59|2017/04/23:11:44:00|0h 1m 1s|q14|100|power_test|0|SUCCESS|0|HAS_RESULT|7
1492919056|1492919109|53000|2017/04/23:11:44:16|2017/04/23:11:45:09|0h 0m 53s|q15|100|power_test|0|SUCCESS|0|HAS_RESULT|28
1492919125|1492919214|89000|2017/04/23:11:45:25|2017/04/23:11:46:54|0h 1m 29s|q16|100|power_test|0|SUCCESS|0|HAS_RESULT|3135
1492919230|1492919312|82000|2017/04/23:11:47:10|2017/04/23:11:48:32|0h 1m 22s|q17|100|power_test|0|SUCCESS|0|HAS_RESULT|32
1492919328|1492919421|93000|2017/04/23:11:48:48|2017/04/23:11:50:21|0h 1m 33s|q19|100|power_test|0|SUCCESS|0|HAS_RESULT|15885974
1492919437|1492919530|93000|2017/04/23:11:50:37|2017/04/23:11:52:10|0h 1m 33s|q21|100|power_test|0|SUCCESS|0|HAS_RESULT|23250
1492919545|1492919634|89000|2017/04/23:11:52:25|2017/04/23:11:53:54|0h 1m 29s|q22|100|power_test|0|SUCCESS|0|HAS_RESULT|4598
1492919649|1492919722|73000|2017/04/23:11:54:09|2017/04/23:11:55:22|0h 1m 13s|q24|100|power_test|0|SUCCESS|0|HAS_RESULT|16
1492919738|1492919815|77000|2017/04/23:11:55:38|2017/04/23:11:56:55|0h 1m 17s|q27|100|power_test|0|SUCCESS|0|HAS_RESULT|831554
1492919830|1492919898|68000|2017/04/23:11:57:10|2017/04/23:11:58:18|0h 1m 8s|q29|100|power_test|0|SUCCESS|0|HAS_RESULT|419
1492919914|1492920230|316000|2017/04/23:11:58:34|2017/04/23:12:03:50|0h 5m 16s|q30|100|power_test|0|SUCCESS|0|HAS_RESULT|435
1492920553|1492921141|588000|2017/04/23:12:09:13|2017/04/23:12:19:01|0h 9m 48s|dataGen_base|100|run_query|0|SUCCESS|0||
1492921141|1492921199|58000|2017/04/23:12:19:01|2017/04/23:12:19:59|0h 0m 58s|dataGen_refresh|run_query|0|SUCCESS|0
1492921202|1492921939|737000|2017/04/23:12:20:02|2017/04/23:12:32:19|0h 12m 17s|Load data|100|Load data|0|SUCCESS|0||
1492921953|1492922029|76000|2017/04/23:12:32:33|2017/04/23:12:33:49|0h 1m 16s|q01|100|power_test|0|SUCCESS|0|HAS_RESULT|1636
1492922044|1492922359|315000|2017/04/23:12:34:04|2017/04/23:12:39:19|0h 5m 15s|q02|100|power_test|0|SUCCESS|0|HAS_RESULT|525
1492922377|1492922598|221000|2017/04/23:12:39:37|2017/04/23:12:43:18|0h 3m 41s|q03|100|power_test|0|SUCCESS|0|HAS_RESULT|1697
1492922613|1492922755|142000|2017/04/23:12:43:33|2017/04/23:12:45:55|0h 2m 22s|q06|100|power_test|0|SUCCESS|0|HAS_RESULT|7242
1492922770|1492922859|89000|2017/04/23:12:46:10|2017/04/23:12:47:39|0h 1m 29s|q07|100|power_test|0|SUCCESS|0|HAS_RESULT|90
1492922874|1492923071|197000|2017/04/23:12:47:54|2017/04/23:12:51:11|0h 3m 17s|q08|100|power_test|0|SUCCESS|0|HAS_RESULT|24
1492923087|1492923148|61000|2017/04/23:12:51:27|2017/04/23:12:52:28|0h 1m 1s|q09|100|power_test|0|SUCCESS|0|HAS_RESULT|7
1492923163|1492923751|588000|2017/04/23:12:52:43|2017/04/23:13:02:31|0h 9m 48s|q10|100|power_test|0|SUCCESS|0|HAS_RESULT|593398701
1492923766|1492923828|62000|2017/04/23:13:02:46|2017/04/23:13:03:48|0h 1m 2s|q11|100|power_test|0|SUCCESS|0|HAS_RESULT|10
1492923844|1492923934|90000|2017/04/23:13:04:04|2017/04/23:13:05:34|0h 1m 30s|q12|100|power_test|0|SUCCESS|0|HAS_RESULT|768815
1492923949|1492924028|79000|2017/04/23:13:05:49|2017/04/23:13:07:08|0h 1m 19s|q13|100|power_test|0|SUCCESS|0|HAS_RESULT|3420
1492924044|1492924107|63000|2017/04/23:13:07:24|2017/04/23:13:08:27|0h 1m 3s|q14|100|power_test|0|SUCCESS|0|HAS_RESULT|7
1492924122|1492924176|54000|2017/04/23:13:08:42|2017/04/23:13:09:36|0h 0m 54s|q15|100|power_test|0|SUCCESS|0|HAS_RESULT|28
1492924191|1492924277|86000|2017/04/23:13:09:51|2017/04/23:13:11:17|0h 1m 26s|q16|100|power_test|0|SUCCESS|0|HAS_RESULT|3135
1492924291|1492924375|84000|2017/04/23:13:11:31|2017/04/23:13:12:55|0h 1m 24s|q17|100|power_test|0|SUCCESS|0|HAS_RESULT|32
1492924390|1492924488|98000|2017/04/23:13:13:10|2017/04/23:13:14:48|0h 1m 38s|q19|100|power_test|0|SUCCESS|0|HAS_RESULT|15885974
1492924503|1492924597|94000|2017/04/23:13:15:03|2017/04/23:13:16:37|0h 1m 34s|q21|100|power_test|0|SUCCESS|0|HAS_RESULT|23250
1492924612|1492924700|88000|2017/04/23:13:16:52|2017/04/23:13:18:20|0h 1m 28s|q22|100|power_test|0|SUCCESS|0|HAS_RESULT|4598
1492924715|1492924788|73000|2017/04/23:13:18:35|2017/04/23:13:19:48|0h 1m 13s|q24|100|power_test|0|SUCCESS|0|HAS_RESULT|16
1492924803|1492924876|73000|2017/04/23:13:20:03|2017/04/23:13:21:16|0h 1m 13s|q27|100|power_test|0|SUCCESS|0|HAS_RESULT|831554
1492924892|1492924957|65000|2017/04/23:13:21:31|2017/04/23:13:22:37|0h 1m 5s|q29|100|power_test|0|SUCCESS|0|HAS_RESULT|419
1492924972|1492925279|307000|2017/04/23:13:22:52|2017/04/23:13:27:59|0h 5m 7s|q30|100|power_test|0|SUCCESS|0|HAS_RESULT|435
1492933350|1492933924|574000|2017/04/23:15:42:30|2017/04/23:15:52:04|0h 9m 34s|dataGen_base|100|run_query|0|SUCCESS|0||
1492933924|1492933977|53000|2017/04/23:15:52:04|2017/04/23:15:52:57|0h 0m 53s|dataGen_refresh|run_query|0|SUCCESS|0
1492933981|1492934729|748000|2017/04/23:15:53:01|2017/04/23:16:05:29|0h 12m 28s|Load data|100|Load data|0|SUCCESS|0||
1492934743|1492934823|80000|2017/04/23:16:05:43|2017/04/23:16:07:03|0h 1m 20s|q01|100|power_test|0|SUCCESS|0|HAS_RESULT|1636
1492934838|1492935132|294000|2017/04/23:16:07:18|2017/04/23:16:12:12|0h 4m 54s|q02|100|power_test|0|SUCCESS|0|HAS_RESULT|525
1492935148|1492935371|223000|2017/04/23:16:12:28|2017/04/23:16:16:11|0h 3m 43s|q03|100|power_test|0|SUCCESS|0|HAS_RESULT|1697
1492935386|1492935552|166000|2017/04/23:16:16:26|2017/04/23:16:19:12|0h 2m 46s|q06|100|power_test|0|SUCCESS|0|HAS_RESULT|7242
1492935566|1492935652|86000|2017/04/23:16:19:26|2017/04/23:16:20:52|0h 1m 26s|q07|100|power_test|0|SUCCESS|0|HAS_RESULT|90
1492935667|1492935855|188000|2017/04/23:16:21:07|2017/04/23:16:24:15|0h 3m 8s|q08|100|power_test|0|SUCCESS|0|HAS_RESULT|24
1492935870|1492935932|62000|2017/04/23:16:24:30|2017/04/23:16:25:32|0h 1m 2s|q09|100|power_test|0|SUCCESS|0|HAS_RESULT|7
1492935947|1492936534|587000|2017/04/23:16:25:47|2017/04/23:16:35:34|0h 9m 47s|q10|100|power_test|0|SUCCESS|0|HAS_RESULT|593398701
1492936549|1492936610|61000|2017/04/23:16:35:49|2017/04/23:16:36:50|0h 1m 1s|q11|100|power_test|0|SUCCESS|0|HAS_RESULT|10
1492936625|1492936713|88000|2017/04/23:16:37:05|2017/04/23:16:38:33|0h 1m 28s|q12|100|power_test|0|SUCCESS|0|HAS_RESULT|768815
1492936728|1492936812|84000|2017/04/23:16:38:48|2017/04/23:16:40:12|0h 1m 24s|q13|100|power_test|0|SUCCESS|0|HAS_RESULT|3420
1492936827|1492936891|64000|2017/04/23:16:40:27|2017/04/23:16:41:31|0h 1m 4s|q14|100|power_test|0|SUCCESS|0|HAS_RESULT|7
1492936906|1492936962|56000|2017/04/23:16:41:46|2017/04/23:16:42:42|0h 0m 56s|q15|100|power_test|0|SUCCESS|0|HAS_RESULT|28
1492936977|1492937063|86000|2017/04/23:16:42:57|2017/04/23:16:44:23|0h 1m 26s|q16|100|power_test|0|SUCCESS|0|HAS_RESULT|3135
1492937078|1492937164|86000|2017/04/23:16:44:38|2017/04/23:16:46:04|0h 1m 26s|q17|100|power_test|0|SUCCESS|0|HAS_RESULT|32
1492937179|1492937276|97000|2017/04/23:16:46:19|2017/04/23:16:47:56|0h 1m 37s|q19|100|power_test|0|SUCCESS|0|HAS_RESULT|15885974
1492937291|1492937387|96000|2017/04/23:16:48:11|2017/04/23:16:49:47|0h 1m 36s|q21|100|power_test|0|SUCCESS|0|HAS_RESULT|23250
1492937402|1492937489|87000|2017/04/23:16:50:02|2017/04/23:16:51:29|0h 1m 27s|q22|100|power_test|0|SUCCESS|0|HAS_RESULT|4598
1492937504|1492937584|80000|2017/04/23:16:51:44|2017/04/23:16:53:04|0h 1m 20s|q24|100|power_test|0|SUCCESS|0|HAS_RESULT|16
1492937598|1492937670|72000|2017/04/23:16:53:18|2017/04/23:16:54:30|0h 1m 12s|q27|100|power_test|0|SUCCESS|0|HAS_RESULT|831554
1492937685|1492937752|67000|2017/04/23:16:54:45|2017/04/23:16:55:52|0h 1m 7s|q29|100|power_test|0|SUCCESS|0|HAS_RESULT|419
1492937767|1492938074|307000|2017/04/23:16:56:07|2017/04/23:17:01:14|0h 5m 7s|q30|100|power_test|0|SUCCESS|0|HAS_RESULT|435
1493013420|1493014012|592000|2017/04/24:13:57:00|2017/04/24:14:06:52|0h 9m 52s|dataGen_base|100|run_query|0|SUCCESS|0||
1493014012|1493014072|60000|2017/04/24:14:06:52|2017/04/24:14:07:52|0h 1m 0s|dataGen_refresh|run_query|0|SUCCESS|0
1493014075|1493014842|767000|2017/04/24:14:07:55|2017/04/24:14:20:42|0h 12m 47s|Load data|100|Load data|0|SUCCESS|0||
1493014856|1493014937|81000|2017/04/24:14:20:56|2017/04/24:14:22:17|0h 1m 21s|q01|100|power_test|0|SUCCESS|0|HAS_RESULT|1636
1493014952|1493015255|303000|2017/04/24:14:22:32|2017/04/24:14:27:35|0h 5m 3s|q02|100|power_test|0|SUCCESS|0|HAS_RESULT|525
1493015270|1493015500|230000|2017/04/24:14:27:50|2017/04/24:14:31:40|0h 3m 50s|q03|100|power_test|0|SUCCESS|0|HAS_RESULT|1697
1493015515|1493015658|143000|2017/04/24:14:31:55|2017/04/24:14:34:18|0h 2m 23s|q06|100|power_test|0|SUCCESS|0|HAS_RESULT|7242
1493015673|1493015761|88000|2017/04/24:14:34:33|2017/04/24:14:36:01|0h 1m 28s|q07|100|power_test|0|SUCCESS|0|HAS_RESULT|90
1493015776|1493015975|199000|2017/04/24:14:36:16|2017/04/24:14:39:35|0h 3m 19s|q08|100|power_test|0|SUCCESS|0|HAS_RESULT|24
1493015990|1493016051|61000|2017/04/24:14:39:50|2017/04/24:14:40:51|0h 1m 1s|q09|100|power_test|0|SUCCESS|0|HAS_RESULT|7
1493016066|1493016646|580000|2017/04/24:14:41:06|2017/04/24:14:50:46|0h 9m 40s|q10|100|power_test|0|SUCCESS|0|HAS_RESULT|593398701
1493016661|1493016722|61000|2017/04/24:14:51:01|2017/04/24:14:52:02|0h 1m 1s|q11|100|power_test|0|SUCCESS|0|HAS_RESULT|10
1493016737|1493016829|92000|2017/04/24:14:52:17|2017/04/24:14:53:49|0h 1m 32s|q12|100|power_test|0|SUCCESS|0|HAS_RESULT|768815
1493016844|1493016922|78000|2017/04/24:14:54:04|2017/04/24:14:55:22|0h 1m 18s|q13|100|power_test|0|SUCCESS|0|HAS_RESULT|3420
1493016937|1493016997|60000|2017/04/24:14:55:37|2017/04/24:14:56:37|0h 1m 0s|q14|100|power_test|0|SUCCESS|0|HAS_RESULT|7
1493017012|1493017066|54000|2017/04/24:14:56:52|2017/04/24:14:57:46|0h 0m 54s|q15|100|power_test|0|SUCCESS|0|HAS_RESULT|28
1493017081|1493017168|87000|2017/04/24:14:58:01|2017/04/24:14:59:28|0h 1m 27s|q16|100|power_test|0|SUCCESS|0|HAS_RESULT|3135
1493017182|1493017266|84000|2017/04/24:14:59:42|2017/04/24:15:01:06|0h 1m 24s|q17|100|power_test|0|SUCCESS|0|HAS_RESULT|32
1493017281|1493017381|100000|2017/04/24:15:01:21|2017/04/24:15:03:01|0h 1m 40s|q19|100|power_test|0|SUCCESS|0|HAS_RESULT|15885974
1493017396|1493017486|90000|2017/04/24:15:03:16|2017/04/24:15:04:46|0h 1m 30s|q21|100|power_test|0|SUCCESS|0|HAS_RESULT|23250
1493017501|1493017591|90000|2017/04/24:15:05:01|2017/04/24:15:06:31|0h 1m 30s|q22|100|power_test|0|SUCCESS|0|HAS_RESULT|4598
1493017606|1493017682|76000|2017/04/24:15:06:46|2017/04/24:15:08:02|0h 1m 16s|q24|100|power_test|0|SUCCESS|0|HAS_RESULT|16
1493017697|1493017768|71000|2017/04/24:15:08:17|2017/04/24:15:09:28|0h 1m 11s|q27|100|power_test|0|SUCCESS|0|HAS_RESULT|831554
1493017783|1493017850|67000|2017/04/24:15:09:43|2017/04/24:15:10:50|0h 1m 7s|q29|100|power_test|0|SUCCESS|0|HAS_RESULT|419
1493017864|1493018194|330000|2017/04/24:15:11:04|2017/04/24:15:16:34|0h 5m 30s|q30|100|power_test|0|SUCCESS|0|HAS_RESULT|435
1493174341|1493174383|42000|2017/04/26:10:39:01|2017/04/26:10:39:43|0h 0m 42s|dataGen_base|1|run_query|0|SUCCESS|0||
1493174383|1493174420|37000|2017/04/26:10:39:43|2017/04/26:10:40:20|0h 0m 37s|dataGen_refresh|run_query|0|SUCCESS|0
1493174423|1493174591|168000|2017/04/26:10:40:23|2017/04/26:10:43:11|0h 2m 48s|Load data|1|Load data|0|SUCCESS|0||
1493174604|1493174654|50000|2017/04/26:10:43:24|2017/04/26:10:44:14|0h 0m 50s|q01|1|power_test|0|SUCCESS|0|HAS_RESULT|45
1493174669|1493174737|68000|2017/04/26:10:44:29|2017/04/26:10:45:37|0h 1m 8s|q02|1|power_test|0|SUCCESS|0|HAS_RESULT|464
1493174752|1493174815|63000|2017/04/26:10:45:52|2017/04/26:10:46:55|0h 1m 3s|q03|1|power_test|0|SUCCESS|0|HAS_RESULT|1427
1493174829|1493174892|63000|2017/04/26:10:47:09|2017/04/26:10:48:12|0h 1m 3s|q06|1|power_test|0|SUCCESS|0|HAS_RESULT|6973
1493174907|1493174967|60000|2017/04/26:10:48:27|2017/04/26:10:49:27|0h 1m 0s|q07|1|power_test|0|SUCCESS|0|HAS_RESULT|70
1493174982|1493175064|82000|2017/04/26:10:49:42|2017/04/26:10:51:04|0h 1m 22s|q08|1|power_test|0|SUCCESS|0|HAS_RESULT|20
1493175079|1493175127|48000|2017/04/26:10:51:19|2017/04/26:10:52:07|0h 0m 48s|q09|1|power_test|0|SUCCESS|0|HAS_RESULT|5
1493175142|1493175300|158000|2017/04/26:10:52:22|2017/04/26:10:55:00|0h 2m 38s|q10|1|power_test|0|SUCCESS|0|HAS_RESULT|50344544
1493175314|1493175368|54000|2017/04/26:10:55:14|2017/04/26:10:56:08|0h 0m 54s|q11|1|power_test|0|SUCCESS|0|HAS_RESULT|10
1493175383|1493175441|58000|2017/04/26:10:56:23|2017/04/26:10:57:21|0h 0m 58s|q12|1|power_test|0|SUCCESS|0|HAS_RESULT|2361
1493175456|1493175515|59000|2017/04/26:10:57:36|2017/04/26:10:58:35|0h 0m 59s|q13|1|power_test|0|SUCCESS|0|HAS_RESULT|3035
1493175530|1493175580|50000|2017/04/26:10:58:50|2017/04/26:10:59:40|0h 0m 50s|q14|1|power_test|0|SUCCESS|0|HAS_RESULT|7
1493175595|1493175645|50000|2017/04/26:10:59:55|2017/04/26:11:00:45|0h 0m 50s|q15|1|power_test|0|SUCCESS|0|HAS_RESULT|28
1493175659|1493175714|55000|2017/04/26:11:00:59|2017/04/26:11:01:54|0h 0m 55s|q16|1|power_test|0|SUCCESS|0|HAS_RESULT|3124
1493175728|1493175788|60000|2017/04/26:11:02:08|2017/04/26:11:03:08|0h 1m 0s|q17|1|power_test|0|SUCCESS|0|HAS_RESULT|28
1493175803|1493175868|65000|2017/04/26:11:03:23|2017/04/26:11:04:28|0h 1m 5s|q19|1|power_test|0|SUCCESS|0|HAS_RESULT|108695
