ID;benchmarkPhase;streamNumber;queryNumber;epochStartTimestamp;epochEndTimestamp;humanReadableStartTime;humanReadableEndTime;durationInMilliseconds;durationInSeconds;humanReadableDuration;queryType;successful;
1;LOAD_TEST;;;1492913766274;1492913932875;2017-04-23 10:16:06.274;2017-04-23 10:18:52.875;166601;166.601;0h:02m:46s:601ms;;true;
2;POWER_TEST;;;1492913932880;1492914113169;2017-04-23 10:18:52.880;2017-04-23 10:21:53.169;180289;180.289;0h:03m:00s:289ms;;false;
3;POWER_TEST;0;;1492913932884;1492914113169;2017-04-23 10:18:52.884;2017-04-23 10:21:53.169;180285;180.285;0h:03m:00s:285ms;;false;
4;POWER_TEST;0;24;1492913932886;1492914018716;2017-04-23 10:18:52.886;2017-04-23 10:20:18.716;85830;85.830;0h:01m:25s:830ms;structured;true;
5;POWER_TEST;0;25;1492914018719;1492914113168;2017-04-23 10:20:18.719;2017-04-23 10:21:53.168;94449;94.449;0h:01m:34s:449ms;structured;false;
