ID;benchmarkPhase;streamNumber;queryNumber;epochStartTimestamp;epochEndTimestamp;humanReadableStartTime;humanReadableEndTime;durationInMilliseconds;durationInSeconds;humanReadableDuration;queryType;successful;
1;LOAD_TEST;;;1492914971287;1492915147225;2017-04-23 10:36:11.287;2017-04-23 10:39:07.225;175938;175.938;0h:02m:55s:938ms;;true;
2;POWER_TEST;;;1492915147230;1492915222475;2017-04-23 10:39:07.230;2017-04-23 10:40:22.475;75245;75.245;0h:01m:15s:245ms;;false;
3;POWER_TEST;0;;1492915147233;1492915222474;2017-04-23 10:39:07.233;2017-04-23 10:40:22.474;75241;75.241;0h:01m:15s:241ms;;false;
4;POWER_TEST;0;26;1492915147234;1492915222472;2017-04-23 10:39:07.234;2017-04-23 10:40:22.472;75238;75.238;0h:01m:15s:238ms;structured;false;
