ID;benchmarkPhase;streamNumber;queryNumber;epochStartTimestamp;epochEndTimestamp;humanReadableStartTime;humanReadableEndTime;durationInMilliseconds;durationInSeconds;humanReadableDuration;queryType;successful;
1;LOAD_TEST;;;1492907961487;1492908129918;2017-04-23 08:39:21.487;2017-04-23 08:42:09.918;168431;168.431;0h:02m:48s:431ms;;true;
2;POWER_TEST;;;1492908129924;1492908385267;2017-04-23 08:42:09.924;2017-04-23 08:46:25.267;255343;255.343;0h:04m:15s:343ms;;false;
3;POWER_TEST;0;;1492908129927;1492908385266;2017-04-23 08:42:09.927;2017-04-23 08:46:25.266;255339;255.339;0h:04m:15s:339ms;;false;
4;POWER_TEST;0;19;1492908129928;1492908212001;2017-04-23 08:42:09.928;2017-04-23 08:43:32.001;82073;82.073;0h:01m:22s:073ms;unstructured;true;
5;POWER_TEST;0;21;1492908212003;1492908289572;2017-04-23 08:43:32.003;2017-04-23 08:44:49.572;77569;77.569;0h:01m:17s:569ms;structured;true;
6;POWER_TEST;0;22;1492908289575;1492908363502;2017-04-23 08:44:49.575;2017-04-23 08:46:03.502;73927;73.927;0h:01m:13s:927ms;structured;true;
7;POWER_TEST;0;23;1492908363504;1492908385265;2017-04-23 08:46:03.504;2017-04-23 08:46:25.265;21761;21.761;0h:00m:21s:761ms;structured;false;
